format,rate_hz_per_channel,congestion_dead_time_percent,sem_percent,missing_signal_percent
1024/5/1,1000,0.08572916666666666,0.014062499999999999,0.0
1024/5/1,25000,11.863255208333333,0.3464843749999993,14.503768363820926
1024/5/1,50000,39.09890625,0.8009374999999997,40.49563803164838
1024/5/1,87000,52.43473958333333,0.42526041666666714,54.98710520336287
1024/5/1,125000,59.141223958333335,0.369140625,61.84384483333061
1024/5/1,150000,61.14057291666667,0.14781249999999702,62.54299832900602
1024/5/1,200000,63.281276041666665,0.07914062500000084,65.92391647788529
512/5/1,1000,0.056640625,0.017942708333333335,0.0
512/5/1,25000,4.226875,0.29921875000000003,5.803158611962817
512/5/1,50000,15.076979166666668,0.3693750000000006,18.23546591073505
512/5/1,87000,36.452708333333334,0.46328125000000137,40.04692115428312
512/5/1,125000,47.68536458333333,0.9063541666666666,51.45540015926903
512/5/1,150000,51.00234375,0.037031249999998295,55.27627896150641
512/5/1,200000,56.95705729166667,0.35778645833333295,60.673195768148176
256/5/2,1000,0.0,0.0,0.0
256/5/2,25000,0.0,0.0,0.0
256/5/2,50000,0.0,0.0,0.0
256/5/2,87000,0.10546875,0.0321875,0.1871449670529425
256/5/2,125000,6.923515625,0.024505208333333247,11.841879869176163
256/5/2,150000,11.353619791666667,0.0853385416666672,19.477298506528825
256/5/2,200000,18.593671875,0.007682291666666784,30.678819314786907
