frame_samples,rate_hz_per_channel,dead_time_percent,fifo_dead_time_percent,frame_output_gbps
1024,1000,0.199499875,0.077408875,0.47083008
1024,2500,0.529962875,0.233660875,1.1428876799999999
1024,5000,1.1585251250000002,0.596833875,2.16665728
1024,7500,1.9756653749999997,1.162360375,3.1374195200000004
1024,10000,2.94124125,1.906268125,3.9925900800000003
1024,12500,4.196506625,2.95516825,4.7886656
1024,15000,5.675448,4.256800875000001,5.472638720000001
1024,17500,7.429442374999999,5.857818,6.06295808
1024,20000,9.599501,7.893311625,6.582007039999999
1024,22500,12.15094,10.340891500000001,6.981084159999999
1024,25000,15.089325374999998,13.195905999999999,7.30265472
1024,27500,18.106818875,16.1527895,7.5361024
1024,30000,21.3079065,19.315301375,7.68528768
1024,35000,27.51113325,25.4772105,7.84349312
1024,40000,32.8893435,30.841521,7.89705728
1024,45000,37.297983375,35.245437875,7.914874879999999
1024,50000,40.99590725,38.941463375,7.92244736
1024,60000,46.552931750000006,44.497197375,7.92745856
1024,75000,52.0652975,50.008719625000005,7.929945599999999
1024,87000,55.091875625000014,53.035027125,7.93061376
1024,100000,57.611422375,55.554349125,7.931133439999999
1024,125000,60.851865124999996,58.79469425,7.931430399999999
1024,150000,63.05501087500001,60.997649624999994,7.931430399999999
1024,200000,65.77514375000001,63.717307000000005,7.931430399999999
512,1000,0.20549662499999996,0.082405,0.245568
512,2500,0.5170293750000001,0.2148555,0.6028224
512,5000,1.0391825000000001,0.45487399999999995,1.165728
512,7500,1.605436125,0.7420068750000001,1.7226816
512,10000,2.185005,1.0625054999999999,2.239488
512,12500,2.8226088750000002,1.44504325,2.7485184
512,15000,3.4784712499999997,1.865690125,3.217766400000001
512,17500,4.146964875,2.3146835,3.6558527999999995
512,20000,4.910293,2.85845575,4.0939584
512,22500,5.715271625,3.4646863750000003,4.4904192
512,25000,6.560582375,4.118148375,4.8731904
512,27500,7.4842775,4.866389500000001,5.223379199999999
512,30000,8.49437075,5.70763,5.5596672
512,35000,10.69658675,7.620193125,6.1377792
512,40000,13.23774225,9.919413875,6.6197376000000006
512,45000,16.14117125,12.627471625000002,7.0091712
512,50000,19.280105374999998,15.621056,7.2990336
512,60000,25.892538124999998,22.061469,7.641408
512,75000,34.661958125,30.74749275,7.8073152
512,87000,40.279495999999995,36.347795874999996,7.8409727999999985
512,100000,44.98094925,41.0424975,7.854374399999999
512,125000,51.309452750000005,47.36659375,7.8627264
512,150000,55.48995525,51.545110875,7.8658752000000005
512,200000,60.678854,56.732403999999995,7.868006400000001
