rate_hz_per_channel,frame_samples,stage,repeat,dead_time_percent,missing_signal_percent,rejected_request_percent,fifo_dead_time_percent,generated_requests,accepted_packets,sent_packets,accepted_rate_khz_per_channel
10000,1024,local_gate,0,1.054883125,1.0776952106757967,14.332957242345252,0.0,25703,22019,22014,8.601171875
10000,1024,local_gate,1,1.05431625,1.1067809820732657,14.228371005455962,0.0,25660,22009,21999,8.597265625
10000,1024,local_gate,2,1.049015,1.1153438322271532,14.067470447315713,0.0,25463,21881,21883,8.547265625
10000,1024,local_gate,3,1.04804375,1.1057332861134066,13.961358359894541,0.0,25413,21865,21863,8.541015625
10000,1024,local_gate,4,1.05010625,1.0778818641476895,14.10261435346686,0.0,25513,21915,21913,8.560546875
10000,1024,daphne_fifo,0,2.935469375,3.1008053534606854,16.145975177994785,1.898594375,25703,21553,21548,8.419140625
10000,1024,daphne_fifo,1,2.937013125,3.043647700701481,15.923616523772408,1.8994025,25660,21574,21564,8.42734375
10000,1024,daphne_fifo,2,2.927086875,2.8551231198209166,15.60303185013549,1.89315,25463,21490,21492,8.39453125
10000,1024,daphne_fifo,3,2.945146875,3.041750285287058,15.617990792114272,1.91369625,25413,21444,21442,8.3765625
10000,1024,daphne_fifo,4,2.96149,2.912240818406303,15.670442519499863,1.9264975,25513,21515,21513,8.404296875
10000,1024,fifo_hermes,0,2.935469375,3.1008053534606854,16.145975177994785,1.898594375,25703,21553,21548,8.419140625
10000,1024,fifo_hermes,1,2.937013125,3.043647700701481,15.923616523772408,1.8994025,25660,21574,21564,8.42734375
10000,1024,fifo_hermes,2,2.927086875,2.8551231198209166,15.60303185013549,1.89315,25463,21490,21492,8.39453125
10000,1024,fifo_hermes,3,2.945146875,3.041750285287058,15.617990792114272,1.91369625,25413,21444,21442,8.3765625
10000,1024,fifo_hermes,4,2.96149,2.912240818406303,15.670442519499863,1.9264975,25513,21515,21513,8.404296875
10000,512,local_gate,0,1.134583125,1.081585807104229,7.86289538186204,0.0,25703,23682,23681,9.25078125
10000,512,local_gate,1,1.13368,1.1925175370226033,7.774746687451286,0.0,25660,23665,23658,9.244140625
10000,512,local_gate,2,1.127510625,1.079998429093194,7.563916270667242,0.0,25463,23537,23534,9.194140625
10000,512,local_gate,3,1.124195625,1.15295321292252,7.685043088183213,0.0,25413,23460,23456,9.1640625
10000,512,local_gate,4,1.127350625,1.1523537020342571,7.7607494218633635,0.0,25513,23533,23531,9.192578125
10000,512,daphne_fifo,0,2.193201875,2.112593860638836,8.82387269968486,1.065645625,25703,23435,23434,9.154296875
10000,512,daphne_fifo,1,2.189798125,2.260327357755261,8.768511301636789,1.063574375,25660,23410,23404,9.14453125
10000,512,daphne_fifo,2,2.182320625,2.0971605859482385,8.526096689313906,1.061699375,25463,23292,23290,9.0984375
10000,512,daphne_fifo,3,2.179436875,2.0934167552040295,8.57435170975485,1.0616975,25413,23234,23229,9.07578125
10000,512,daphne_fifo,4,2.1802675,2.2067181436914516,8.732802884803826,1.059910625,25513,23285,23283,9.095703125
10000,512,fifo_hermes,0,2.193201875,2.112593860638836,8.82387269968486,1.065645625,25703,23435,23434,9.154296875
10000,512,fifo_hermes,1,2.189798125,2.260327357755261,8.768511301636789,1.063574375,25660,23410,23404,9.14453125
10000,512,fifo_hermes,2,2.182320625,2.0971605859482385,8.526096689313906,1.061699375,25463,23292,23290,9.0984375
10000,512,fifo_hermes,3,2.179436875,2.0934167552040295,8.57435170975485,1.0616975,25413,23234,23229,9.07578125
10000,512,fifo_hermes,4,2.1802675,2.2067181436914516,8.732802884803826,1.059910625,25513,23285,23283,9.095703125
25000,1024,local_gate,0,2.148255,2.047717157101741,29.017190129437115,0.0,63583,45133,42735,17.630078125
25000,1024,local_gate,1,2.155740625,2.1886863195388293,29.268406992548154,0.0,64011,45276,42735,17.6859375
25000,1024,local_gate,2,2.159081875,2.1711445876688926,29.576021121292126,0.0,64390,45346,42735,17.71328125
25000,1024,local_gate,3,2.1619025,2.115071045888656,29.433962264150942,0.0,64395,45441,42735,17.750390625
25000,1024,local_gate,4,2.153010625,2.1271263431596754,29.16888568653864,0.0,63842,45220,42734,17.6640625
25000,1024,daphne_fifo,0,15.048059375,14.893918185678562,38.280672506802134,13.16073375,63583,39243,39224,15.329296875
25000,1024,daphne_fifo,1,15.170345625,15.073971661120744,38.54806205183484,13.27804875,64011,39336,39325,15.365625
25000,1024,daphne_fifo,2,15.174794375,14.979034011492468,38.737381580990835,13.27730375,64390,39447,39435,15.408984375
25000,1024,daphne_fifo,3,15.18543,14.953024303129125,38.66915133162512,13.285708125,64395,39494,39472,15.42734375
25000,1024,daphne_fifo,4,14.8679975,15.027724695341625,38.441778139782585,12.977735625,63842,39300,39275,15.3515625
25000,1024,fifo_hermes,0,15.048059375,14.893918185678562,38.280672506802134,13.16073375,63583,39243,39224,15.329296875
25000,1024,fifo_hermes,1,15.170345625,15.073971661120744,38.54806205183484,13.27804875,64011,39336,39325,15.365625
25000,1024,fifo_hermes,2,15.174794375,14.979034011492468,38.737381580990835,13.27730375,64390,39447,39435,15.408984375
25000,1024,fifo_hermes,3,15.18543,14.953024303129125,38.66915133162512,13.285708125,64395,39494,39472,15.42734375
25000,1024,fifo_hermes,4,14.8679975,15.027724695341625,38.441778139782585,12.977735625,63842,39300,39275,15.3515625
25000,512,local_gate,0,2.509288125,2.6437884340153817,17.069027884811977,0.0,63583,52730,52704,20.59765625
25000,512,local_gate,1,2.5218,2.5761197294215057,17.29858930496321,0.0,64011,52938,52912,20.67890625
25000,512,local_gate,2,2.528784375,2.5733809597763626,17.494952632396334,0.0,64390,53125,53108,20.751953125
25000,512,local_gate,3,2.532524375,2.4846649584595077,17.391101793617516,0.0,64395,53196,53173,20.7796875
25000,512,local_gate,4,2.5138925,2.4920898468093107,17.325585038062716,0.0,63842,52781,52750,20.617578125
25000,512,daphne_fifo,0,6.526794375,6.781686928896089,20.54794520547945,4.09736875,63583,50518,50494,19.73359375
25000,512,daphne_fifo,1,6.59147375,6.545749949227477,20.662073706081767,4.149006875,64011,50785,50760,19.837890625
25000,512,daphne_fifo,2,6.570239375,6.575555210436403,20.910079204845474,4.121000625,64390,50926,50909,19.89296875
25000,512,daphne_fifo,3,6.608083125,6.534668840748505,20.81372777389549,4.155680625,64395,50992,50971,19.91875
25000,512,daphne_fifo,4,6.50632125,6.376679928573666,20.57266376366655,4.067685,63842,50708,50678,19.8078125
25000,512,fifo_hermes,0,6.526794375,6.781686928896089,20.54794520547945,4.09736875,63583,50518,50494,19.73359375
25000,512,fifo_hermes,1,6.59147375,6.545749949227477,20.662073706081767,4.149006875,64011,50785,50760,19.837890625
25000,512,fifo_hermes,2,6.570239375,6.575555210436403,20.910079204845474,4.121000625,64390,50926,50909,19.89296875
25000,512,fifo_hermes,3,6.608083125,6.534668840748505,20.81372777389549,4.155680625,64395,50992,50971,19.91875
25000,512,fifo_hermes,4,6.50632125,6.376679928573666,20.57266376366655,4.067685,63842,50708,50678,19.8078125
50000,1024,local_gate,0,3.29326625,3.2602312853798514,45.24784491195653,0.0,127721,69930,42735,27.31640625
50000,1024,local_gate,1,3.301863125,3.3483102168392262,45.21820668099238,0.0,127975,70107,42736,27.385546875
50000,1024,local_gate,2,3.28890875,3.324982384717764,45.34173647537775,0.0,127730,69815,42735,27.271484375
50000,1024,local_gate,3,3.308019375,3.229045843420858,45.33820129379802,0.0,128459,70218,42734,27.42890625
50000,1024,local_gate,4,3.295718125,3.3083352863057574,45.29177408014999,0.0,128010,70032,42736,27.35625
50000,1024,daphne_fifo,0,41.037709375,40.81944237830897,66.55835767023434,38.98302875,127721,42712,42687,16.684375
50000,1024,daphne_fifo,1,41.03725125,41.15882008204728,66.61301035358468,38.98253,127975,42727,42690,16.690234375
50000,1024,daphne_fifo,2,40.83342375,40.919126282001095,66.55914820324121,38.7790825,127730,42714,42686,16.68515625
50000,1024,daphne_fifo,3,41.093045625,41.00685821935404,66.74580994714267,39.0390325,128459,42718,42679,16.68671875
50000,1024,daphne_fifo,4,40.97810625,40.96476837747051,66.6229200843684,38.923643125,128010,42726,42686,16.68984375
50000,1024,fifo_hermes,0,41.037709375,40.81944237830897,66.55835767023434,38.98302875,127721,42712,42687,16.684375
50000,1024,fifo_hermes,1,41.03725125,41.15882008204728,66.61301035358468,38.98253,127975,42727,42690,16.690234375
50000,1024,fifo_hermes,2,40.83342375,40.919126282001095,66.55914820324121,38.7790825,127730,42714,42686,16.68515625
50000,1024,fifo_hermes,3,41.093045625,41.00685821935404,66.74580994714267,39.0390325,128459,42718,42679,16.68671875
50000,1024,fifo_hermes,4,40.97810625,40.96476837747051,66.6229200843684,38.923643125,128010,42726,42686,16.68984375
50000,512,local_gate,0,4.244479375,4.148104070591367,29.413330619083784,0.0,127721,90154,81966,35.21640625
50000,512,local_gate,1,4.252273125,4.357882398906036,29.49091619456925,0.0,127975,90234,81967,35.24765625
50000,512,local_gate,2,4.238975,4.251937681045956,29.540436858999453,0.0,127730,89998,81967,35.15546875
50000,512,local_gate,3,4.25971125,4.262838726753283,29.60866891381686,0.0,128459,90424,81968,35.321875
50000,512,local_gate,4,4.251315,4.304351222560737,29.532848996172174,0.0,128010,90205,81968,35.236328125
50000,512,daphne_fifo,0,19.215533125,19.209840198557792,40.513306347429165,15.561911875,127721,75977,75916,29.678515625
50000,512,daphne_fifo,1,19.309773125,19.184997069740184,40.44930650517679,15.644874375,127975,76210,76157,29.76953125
50000,512,daphne_fifo,2,19.10480375,19.121584592499804,40.47600407108745,15.448934375,127730,76030,75961,29.69921875
50000,512,daphne_fifo,3,19.40102875,19.29876458636608,40.731283911598254,15.739905625,128459,76136,76073,29.740625
50000,512,daphne_fifo,4,19.369388125,19.320365596437778,40.54292633388017,15.70965375,128010,76111,76051,29.730859375
50000,512,fifo_hermes,0,19.215533125,19.209840198557792,40.513306347429165,15.561911875,127721,75977,75916,29.678515625
50000,512,fifo_hermes,1,19.309773125,19.184997069740184,40.44930650517679,15.644874375,127975,76210,76157,29.76953125
50000,512,fifo_hermes,2,19.10480375,19.121584592499804,40.47600407108745,15.448934375,127730,76030,75961,29.69921875
50000,512,fifo_hermes,3,19.40102875,19.29876458636608,40.731283911598254,15.739905625,128459,76136,76073,29.740625
50000,512,fifo_hermes,4,19.369388125,19.320365596437778,40.54292633388017,15.70965375,128010,76111,76051,29.730859375
75000,1024,local_gate,0,3.98920125,3.9895349625020193,55.36880397337878,0.0,191877,85637,42734,33.451953125
75000,1024,local_gate,1,3.976480625,3.9740910990388634,55.44922691182616,0.0,191440,85288,42735,33.315625
75000,1024,local_gate,2,3.990720625,3.99694314458298,55.18932613087947,0.0,191046,85609,42734,33.441015625
75000,1024,local_gate,3,3.997953125,4.041370488427599,55.3806074535518,0.0,192311,85808,42735,33.51875
75000,1024,local_gate,4,3.9796075,4.018966849790069,55.43573621874543,0.0,191492,85337,42734,33.334765625
75000,1024,daphne_fifo,0,52.21550125,52.036982024943065,77.70655159294756,50.158886875,191877,42776,42726,16.709375
75000,1024,daphne_fifo,1,51.858564375,51.82981613038027,77.65827413288758,49.80215375,191440,42771,42726,16.707421875
75000,1024,daphne_fifo,2,52.035456875,51.95659684055149,77.60172942642086,49.978675,191046,42791,42726,16.715234375
75000,1024,daphne_fifo,3,52.27103625,52.115583611961874,77.75842255513206,50.214481875,192311,42773,42726,16.708203125
75000,1024,daphne_fifo,4,51.94592875,51.955173062060034,77.6580744887515,49.889400625,191492,42783,42726,16.712109375
75000,1024,fifo_hermes,0,52.21550125,52.036982024943065,77.70655159294756,50.158886875,191877,42776,42726,16.709375
75000,1024,fifo_hermes,1,51.858564375,51.82981613038027,77.65827413288758,49.80215375,191440,42771,42726,16.707421875
75000,1024,fifo_hermes,2,52.035456875,51.95659684055149,77.60172942642086,49.978675,191046,42791,42726,16.715234375
75000,1024,fifo_hermes,3,52.27103625,52.115583611961874,77.75842255513206,50.214481875,192311,42773,42726,16.708203125
75000,1024,fifo_hermes,4,51.94592875,51.955173062060034,77.6580744887515,49.889400625,191492,42783,42726,16.712109375
75000,512,local_gate,0,5.4845375,5.577010272205632,38.63829432396796,0.0,191877,117739,81966,45.991796875
75000,512,local_gate,1,5.473290625,5.39594651065608,38.62358963643962,0.0,191440,117499,81968,45.898046875
75000,512,local_gate,2,5.48308875,5.551542560430472,38.45408959098856,0.0,191046,117581,81968,45.930078125
75000,512,local_gate,3,5.507478125,5.532704837476795,38.56825662598603,0.0,192311,118140,81968,46.1484375
75000,512,local_gate,4,5.489679375,5.558456750151442,38.51440269045182,0.0,191492,117740,81968,45.9921875
75000,512,daphne_fifo,0,34.613068125,34.660746207205655,57.56187557654122,30.698559375,191877,81429,81327,31.808203125
75000,512,daphne_fifo,1,34.4904125,34.38309653155036,57.48328458002507,30.57681875,191440,81394,81312,31.79453125
75000,512,daphne_fifo,2,34.651934375,34.57282539283733,57.38303863990871,30.7374625,191046,81418,81326,31.80390625
75000,512,daphne_fifo,3,34.89500625,34.84980058342997,57.646728476270205,30.979214375,192311,81450,81350,31.81640625
75000,512,daphne_fifo,4,34.659369375,34.79727612641781,57.4849079857122,30.74540875,191492,81413,81316,31.801953125
75000,512,fifo_hermes,0,34.613068125,34.660746207205655,57.56187557654122,30.698559375,191877,81429,81327,31.808203125
75000,512,fifo_hermes,1,34.4904125,34.38309653155036,57.48328458002507,30.57681875,191440,81394,81312,31.79453125
75000,512,fifo_hermes,2,34.651934375,34.57282539283733,57.38303863990871,30.7374625,191046,81418,81326,31.80390625
75000,512,fifo_hermes,3,34.89500625,34.84980058342997,57.646728476270205,30.979214375,192311,81450,81350,31.81640625
75000,512,fifo_hermes,4,34.659369375,34.79727612641781,57.4849079857122,30.74540875,191492,81413,81316,31.801953125
87467,1024,local_gate,0,4.23317375,4.196856140850587,59.3154184394638,0.0,224692,91415,42734,35.708984375
87467,1024,local_gate,1,4.23276375,4.277613687648854,59.22258515681902,0.0,223793,91257,42735,35.647265625
87467,1024,local_gate,2,4.23613375,4.279140693972551,59.22710612910993,0.0,224274,91443,42734,35.719921875
87467,1024,local_gate,3,4.23841875,4.209469513616235,59.02400545007978,0.0,223116,91424,42735,35.7125
87467,1024,local_gate,4,4.23483,4.265299102536039,59.19822383439132,0.0,223853,91336,42734,35.678125
87467,1024,daphne_fifo,0,55.225343125,55.2111334626956,80.95748847310986,53.168511875,224692,42787,42730,16.713671875
87467,1024,daphne_fifo,1,55.213919375,55.16660485359238,80.88322691058255,53.1573525,223793,42782,42730,16.71171875
87467,1024,daphne_fifo,2,55.0389125,55.211036499995544,80.92110543353219,52.982198125,224274,42789,42730,16.714453125
87467,1024,daphne_fifo,3,55.02929125,55.17443840872013,80.82477276394341,52.972570625,223116,42783,42730,16.712109375
87467,1024,daphne_fifo,4,55.22642375,55.113400311811766,80.88745739391476,53.169589375,223853,42784,42730,16.7125
87467,1024,fifo_hermes,0,55.225343125,55.2111334626956,80.95748847310986,53.168511875,224692,42787,42730,16.713671875
87467,1024,fifo_hermes,1,55.213919375,55.16660485359238,80.88322691058255,53.1573525,223793,42782,42730,16.71171875
87467,1024,fifo_hermes,2,55.0389125,55.211036499995544,80.92110543353219,52.982198125,224274,42789,42730,16.714453125
87467,1024,fifo_hermes,3,55.02929125,55.17443840872013,80.82477276394341,52.972570625,223116,42783,42730,16.712109375
87467,1024,fifo_hermes,4,55.22642375,55.113400311811766,80.88745739391476,53.169589375,223853,42784,42730,16.7125
87467,512,local_gate,0,5.994870625,5.9922026596407525,42.42563153116266,0.0,224692,129365,81968,50.533203125
87467,512,local_gate,1,5.9867175,5.91394726376607,42.260034943005365,0.0,223793,129218,81967,50.47578125
87467,512,local_gate,2,5.99727875,6.025219151573522,42.326796686196346,0.0,224274,129346,81966,50.52578125
87467,512,local_gate,3,5.983915,6.011671059000699,42.16506212015275,0.0,223116,129039,81968,50.405859375
87467,512,local_gate,4,5.98932625,5.960161355889802,42.283998874261236,0.0,223853,129199,81968,50.468359375
87467,512,daphne_fifo,0,40.53981625,40.5657522297189,63.59638972460079,36.607581875,224692,81796,81691,31.9515625
87467,512,daphne_fifo,1,40.422495625,40.34844700236379,63.454174169880204,36.49074375,223793,81787,81685,31.948046875
87467,512,daphne_fifo,2,40.580304375,40.538359328321604,63.534337462211404,36.64841625,224274,81783,81685,31.946484375
87467,512,daphne_fifo,3,40.476080625,40.38347765288012,63.342835117158785,36.544536875,223116,81788,81677,31.9484375
87467,512,daphne_fifo,4,40.432303125,40.50872670904567,63.46486310212506,36.50104125,223853,81785,81678,31.947265625
87467,512,fifo_hermes,0,40.53981625,40.5657522297189,63.59638972460079,36.607581875,224692,81796,81691,31.9515625
87467,512,fifo_hermes,1,40.422495625,40.34844700236379,63.454174169880204,36.49074375,223793,81787,81685,31.948046875
87467,512,fifo_hermes,2,40.580304375,40.538359328321604,63.534337462211404,36.64841625,224274,81783,81685,31.946484375
87467,512,fifo_hermes,3,40.476080625,40.38347765288012,63.342835117158785,36.544536875,223116,81788,81677,31.9484375
87467,512,fifo_hermes,4,40.432303125,40.50872670904567,63.46486310212506,36.50104125,223853,81785,81678,31.947265625
100000,1024,local_gate,0,4.445854375,4.451099986723625,62.355619420993854,0.0,256094,96405,42734,37.658203125
100000,1024,local_gate,1,4.443853125,4.437817720746211,62.29811647119136,0.0,255531,96340,42736,37.6328125
100000,1024,local_gate,2,4.439329375,4.46334475678967,62.4111039118182,0.0,256198,96302,42734,37.61796875
100000,1024,local_gate,3,4.442619375,4.402886345276517,62.405313747604794,0.0,256241,96333,42734,37.630078125
100000,1024,local_gate,4,4.44632375,4.403332124911805,62.41575157971879,0.0,256533,96416,42734,37.6625
100000,1024,daphne_fifo,0,57.472419375,57.605410513327136,83.28855810756988,55.4154675,256094,42797,42732,16.717578125
100000,1024,daphne_fifo,1,57.5550475,57.70924075748148,83.25095585271454,55.497825,255531,42799,42732,16.718359375
100000,1024,daphne_fifo,2,57.68642625,57.657749084692306,83.29456123779265,55.629389375,256198,42799,42732,16.718359375
100000,1024,daphne_fifo,3,57.610475625,57.53021569538052,83.29697433275706,55.5534675,256241,42800,42734,16.71875
100000,1024,daphne_fifo,4,57.732743125,57.56686274280502,83.3120885032335,55.67559625,256533,42810,42732,16.72265625
100000,1024,fifo_hermes,0,57.472419375,57.605410513327136,83.28855810756988,55.4154675,256094,42797,42732,16.717578125
100000,1024,fifo_hermes,1,57.5550475,57.70924075748148,83.25095585271454,55.497825,255531,42799,42732,16.718359375
100000,1024,fifo_hermes,2,57.68642625,57.657749084692306,83.29456123779265,55.629389375,256198,42799,42732,16.718359375
100000,1024,fifo_hermes,3,57.610475625,57.53021569538052,83.29697433275706,55.5534675,256241,42800,42734,16.71875
100000,1024,fifo_hermes,4,57.732743125,57.56686274280502,83.3120885032335,55.67559625,256533,42810,42732,16.72265625
100000,512,local_gate,0,6.4303125,6.430841800276461,45.56881457589791,0.0,256094,139395,81966,54.451171875
100000,512,local_gate,1,6.4170875,6.388657344901401,45.585858467270114,0.0,255531,139045,81968,54.314453125
100000,512,local_gate,2,6.42220125,6.369292500331775,45.62174568107479,0.0,256198,139316,81967,54.4203125
100000,512,local_gate,3,6.4155475,6.413493547090434,45.68706803360899,0.0,256241,139172,81968,54.3640625
100000,512,local_gate,4,6.42654375,6.431531226002113,45.61557382481006,0.0,256533,139514,81967,54.49765625
100000,512,daphne_fifo,0,44.865636875,44.92139604988793,67.99964075690957,40.9275225,256094,81951,81816,32.012109375
100000,512,daphne_fifo,1,44.853049375,44.85326633559138,67.93226653517577,40.914506875,255531,81943,81813,32.008984375
100000,512,daphne_fifo,2,45.09627,44.93594797773597,68.01263085582245,41.157565,256198,81951,81821,32.012109375
100000,512,daphne_fifo,3,45.025354375,44.88703993506113,68.01019352874833,41.0866275,256241,81971,81817,32.019921875
100000,512,daphne_fifo,4,45.064435625,45.01253250069192,68.05752086476204,41.126265625,256533,81943,81815,32.008984375
100000,512,fifo_hermes,0,44.865636875,44.92139604988793,67.99964075690957,40.9275225,256094,81951,81816,32.012109375
100000,512,fifo_hermes,1,44.853049375,44.85326633559138,67.93226653517577,40.914506875,255531,81943,81813,32.008984375
100000,512,fifo_hermes,2,45.09627,44.93594797773597,68.01263085582245,41.157565,256198,81951,81821,32.012109375
100000,512,fifo_hermes,3,45.025354375,44.88703993506113,68.01019352874833,41.0866275,256241,81971,81817,32.019921875
100000,512,fifo_hermes,4,45.064435625,45.01253250069192,68.05752086476204,41.126265625,256533,81943,81815,32.008984375
125000,1024,local_gate,0,4.75891375,4.703852860712425,67.48012116031906,0.0,320567,104248,42734,40.721875
125000,1024,local_gate,1,4.753861875,4.758180077467477,67.41172274402568,0.0,319618,104158,42734,40.68671875
125000,1024,local_gate,2,4.7544875,4.8008034189103785,67.42054975378089,0.0,319634,104135,42734,40.677734375
125000,1024,local_gate,3,4.7469875,4.690754974498958,67.48952942535988,0.0,320183,104093,42734,40.661328125
125000,1024,local_gate,4,4.755819375,4.731426643676437,67.4269685383712,0.0,320136,104278,42734,40.73359375
125000,1024,daphne_fifo,0,60.884635625,60.99879276407116,86.64584938561985,58.827340625,320567,42809,42734,16.722265625
125000,1024,daphne_fifo,1,60.859430625,60.81509802326527,86.60494715566708,58.802158125,319618,42813,42734,16.723828125
125000,1024,daphne_fifo,2,60.86836,60.761370817872944,86.60561767521602,58.811240625,319634,42813,42734,16.723828125
125000,1024,daphne_fifo,3,60.800878125,60.62033274721019,86.6285842783658,58.74372125,320183,42813,42734,16.723828125
125000,1024,daphne_fifo,4,60.84602125,60.970337606517234,86.63068196016692,58.789010625,320136,42800,42734,16.71875
125000,1024,fifo_hermes,0,60.884635625,60.99879276407116,86.64584938561985,58.827340625,320567,42809,42734,16.722265625
125000,1024,fifo_hermes,1,60.859430625,60.81509802326527,86.60494715566708,58.802158125,319618,42813,42734,16.723828125
125000,1024,fifo_hermes,2,60.86836,60.761370817872944,86.60561767521602,58.811240625,319634,42813,42734,16.723828125
125000,1024,fifo_hermes,3,60.800878125,60.62033274721019,86.6285842783658,58.74372125,320183,42813,42734,16.723828125
125000,1024,fifo_hermes,4,60.84602125,60.970337606517234,86.63068196016692,58.789010625,320136,42800,42734,16.71875
125000,512,local_gate,0,7.12731875,7.085882202472494,51.23765078751088,0.0,320567,156316,81967,61.0609375
125000,512,local_gate,1,7.1269175,7.171373326908998,51.122590091922234,0.0,319618,156221,81968,61.023828125
125000,512,local_gate,2,7.128190625,7.026474029671436,51.114086736705104,0.0,319634,156256,81967,61.0375
125000,512,local_gate,3,7.122805,7.138105395976676,51.274427436809574,0.0,320183,156011,81966,60.941796875
125000,512,local_gate,4,7.13531125,7.106667166454257,51.13045705575131,0.0,320136,156449,81968,61.112890625
125000,512,daphne_fifo,0,51.374546875,51.25574372908004,74.39568015422672,47.43147,320567,82079,81904,32.062109375
125000,512,daphne_fifo,1,51.397681875,51.326583609183466,74.32122095751804,47.4547725,319618,82074,81904,32.06015625
125000,512,daphne_fifo,2,51.1975375,51.055269464449964,74.32469637147487,47.25475375,319634,82067,81903,32.057421875
125000,512,daphne_fifo,3,51.248998125,51.145126380850954,74.37434217306978,47.306116875,320183,82049,81902,32.050390625
125000,512,daphne_fifo,4,51.328499375,51.37504060774171,74.36776869830322,47.385855625,320136,82058,81904,32.05390625
125000,512,fifo_hermes,0,51.374546875,51.25574372908004,74.39568015422672,47.43147,320567,82079,81904,32.062109375
125000,512,fifo_hermes,1,51.397681875,51.326583609183466,74.32122095751804,47.4547725,319618,82074,81904,32.06015625
125000,512,fifo_hermes,2,51.1975375,51.055269464449964,74.32469637147487,47.25475375,319634,82067,81903,32.057421875
125000,512,fifo_hermes,3,51.248998125,51.145126380850954,74.37434217306978,47.306116875,320183,82049,81902,32.050390625
125000,512,fifo_hermes,4,51.328499375,51.37504060774171,74.36776869830322,47.385855625,320136,82058,81904,32.05390625
