rate_hz_per_channel,frame_samples,stage,repeat,dead_time_percent,missing_signal_percent,rejected_request_percent,fifo_dead_time_percent,generated_requests,accepted_packets,sent_packets,frame_output_gbps,accepted_rate_khz_per_channel
1000,1024,daphne_fifo,0,0.201505625,0.19238168526356292,1.8853405155829166,0.07873875,2599,2550,2551,0.4734656,0.99609375
1000,1024,daphne_fifo,1,0.203179375,0.03802281368821293,1.8250950570342206,0.0789725,2630,2582,2581,0.4790336,1.00859375
1000,1024,daphne_fifo,2,0.202598125,0.3448275862068966,2.10727969348659,0.079724375,2610,2555,2553,0.4738368,0.998046875
1000,1024,daphne_fifo,3,0.196220625,0.1557632398753894,1.6744548286604362,0.0747175,2568,2525,2525,0.46864,0.986328125
1000,1024,daphne_fifo,4,0.193995625,0.1586042823156225,1.8636003172085647,0.07489125,2522,2475,2474,0.4591744,0.966796875
1000,512,daphne_fifo,0,0.206811875,0.2308580223162755,0.9619084263178146,0.082941875,2599,2574,2575,0.2472,1.00546875
1000,512,daphne_fifo,1,0.209224375,0.19011406844106463,1.102661596958175,0.084099375,2630,2601,2600,0.2496,1.016015625
1000,512,daphne_fifo,2,0.2079275,0.3831417624521073,1.1111111111111112,0.083765,2610,2581,2580,0.24768,1.008203125
1000,512,daphne_fifo,3,0.203415,0.11682242990654206,1.0514018691588785,0.081129375,2568,2541,2541,0.243936,0.992578125
1000,512,daphne_fifo,4,0.200104375,0.1586042823156225,1.1102299762093577,0.080089375,2522,2494,2494,0.239424,0.97421875
2500,1024,daphne_fifo,0,0.522909375,0.4100299637281186,4.13184040372181,0.230311875,6341,6079,6080,1.128448,2.374609375
2500,1024,daphne_fifo,1,0.536524375,0.3248762376237624,4.022277227722772,0.23799125,6464,6204,6205,1.151648,2.4234375
2500,1024,daphne_fifo,2,0.533543125,0.5405405405405406,4.046332046332046,0.234464375,6475,6213,6215,1.153504,2.426953125
2500,1024,daphne_fifo,3,0.53570375,0.6804825239715434,4.036498608103928,0.237120625,6466,6205,6204,1.1514624,2.423828125
2500,1024,daphne_fifo,4,0.52113375,0.5655042412818096,4.445491674520892,0.22841625,6366,6083,6085,1.129376,2.376171875
2500,512,daphne_fifo,0,0.5101375,0.6465857120328024,2.349787099826526,0.21220375,6341,6192,6192,0.594432,2.41875
2500,512,daphne_fifo,1,0.52286,0.40222772277227725,2.088490099009901,0.218251875,6464,6329,6330,0.60768,2.472265625
2500,512,daphne_fifo,2,0.52130625,0.46332046332046334,2.1621621621621623,0.216410625,6475,6335,6336,0.608256,2.474609375
2500,512,daphne_fifo,3,0.52189375,0.3402412619857717,2.0414475719146306,0.21706375,6466,6334,6334,0.608064,2.47421875
2500,512,daphne_fifo,4,0.508949375,0.5340873389883758,2.5290606346214264,0.2103475,6366,6205,6205,0.59568,2.423828125
5000,1024,daphne_fifo,0,1.14390375,1.195660780742735,8.345870615250613,0.587040625,12629,11575,11574,2.1481344,4.521484375
5000,1024,daphne_fifo,1,1.1700025,1.3021650454973328,7.985566363351114,0.605676875,12748,11730,11730,2.177088,4.58203125
5000,1024,daphne_fifo,2,1.152005,0.9618416903185115,7.899716177861873,0.58998375,12684,11682,11679,2.1676224,4.56328125
5000,1024,daphne_fifo,3,1.172016875,1.2586532410320956,7.929515418502203,0.608950625,12712,11704,11703,2.1720768,4.571875
5000,1024,daphne_fifo,4,1.1546975,1.0062893081761006,8.13679245283019,0.5925175,12720,11685,11683,2.1683648,4.564453125
5000,512,daphne_fifo,0,1.03356375,1.045213397735371,4.481748356956212,0.453086875,12629,12063,12062,1.157952,4.712109375
5000,512,daphne_fifo,1,1.044080625,1.051145277690618,4.30655789143395,0.457163125,12748,12199,12197,1.170912,4.765234375
5000,512,daphne_fifo,2,1.036055,0.9460737937559129,4.367707347839798,0.452338125,12684,12130,12131,1.164576,4.73828125
5000,512,daphne_fifo,3,1.041505,0.9833228445563247,4.224354940213971,0.45564875,12712,12175,12175,1.1688,4.755859375
5000,512,daphne_fifo,4,1.040708125,1.029874213836478,4.488993710691824,0.456133125,12720,12149,12150,1.1664,4.745703125
7500,1024,daphne_fifo,0,1.932048125,1.854885588965809,11.74760873011679,1.1287975,18923,16700,16696,3.0987776,6.5234375
7500,1024,daphne_fifo,1,1.990940625,2.0410272309202706,12.308169276081228,1.1746475,19353,16971,16965,3.148704,6.629296875
7500,1024,daphne_fifo,2,1.93607,1.7430566493411035,12.31165012862918,1.13263875,19047,16702,16697,3.0989632,6.52421875
7500,1024,daphne_fifo,3,1.99358375,1.9007282681679665,12.106812664635092,1.17496125,19361,17017,17014,3.1577984,6.647265625
7500,1024,daphne_fifo,4,2.025684375,1.9628946289462894,12.120746207462075,1.200756875,19512,17147,17149,3.1828544,6.698046875
7500,512,daphne_fifo,0,1.576886875,1.5113882576758442,6.484172699889024,0.72550625,18923,17696,17693,1.698528,6.9125
7500,512,daphne_fifo,1,1.613543125,1.6844933602025525,6.81031364646308,0.74605875,19353,18035,18029,1.730784,7.044921875
7500,512,daphne_fifo,2,1.583874375,1.6065522129469207,6.998477450517142,0.731616875,19047,17714,17713,1.700448,6.91953125
7500,512,daphne_fifo,3,1.616615625,1.5236816280150818,6.77134445534838,0.748210625,19361,18050,18048,1.732608,7.05078125
7500,512,daphne_fifo,4,1.636260625,1.460639606396064,6.513940139401394,0.758641875,19512,18241,18240,1.75104,7.125390625
10000,1024,daphne_fifo,0,2.935469375,3.1008053534606854,16.145975177994785,1.898594375,25703,21553,21548,3.9993088,8.419140625
10000,1024,daphne_fifo,1,2.937013125,3.043647700701481,15.923616523772408,1.8994025,25660,21574,21564,4.0022784,8.42734375
10000,1024,daphne_fifo,2,2.927086875,2.8551231198209166,15.60303185013549,1.89315,25463,21490,21492,3.9889152,8.39453125
10000,1024,daphne_fifo,3,2.945146875,3.041750285287058,15.617990792114272,1.91369625,25413,21444,21442,3.9796352,8.3765625
10000,1024,daphne_fifo,4,2.96149,2.912240818406303,15.670442519499863,1.9264975,25513,21515,21513,3.9928128,8.404296875
10000,512,daphne_fifo,0,2.193201875,2.112593860638836,8.82387269968486,1.065645625,25703,23435,23434,2.249664,9.154296875
10000,512,daphne_fifo,1,2.189798125,2.260327357755261,8.768511301636789,1.063574375,25660,23410,23404,2.246784,9.14453125
10000,512,daphne_fifo,2,2.182320625,2.0971605859482385,8.526096689313906,1.061699375,25463,23292,23290,2.23584,9.0984375
10000,512,daphne_fifo,3,2.179436875,2.0934167552040295,8.57435170975485,1.0616975,25413,23234,23229,2.229984,9.07578125
10000,512,daphne_fifo,4,2.1802675,2.2067181436914516,8.732802884803826,1.059910625,25513,23285,23283,2.235168,9.095703125
12500,1024,daphne_fifo,0,4.23095125,4.2834217997778055,19.90186396741143,2.98245,32404,25955,25950,4.81632,10.138671875
12500,1024,daphne_fifo,1,4.145275,4.391130042595841,19.653595590077675,2.911173125,31928,25653,25652,4.7610112,10.020703125
12500,1024,daphne_fifo,2,4.22889375,3.9415467065495107,19.24035645291955,2.98204625,32094,25919,25915,4.809824,10.124609375
12500,1024,daphne_fifo,3,4.216956875,4.07283330231404,19.728270984552392,2.972240625,32238,25878,25870,4.801472,10.10859375
12500,1024,daphne_fifo,4,4.16045625,3.8979424904045805,19.367016925690557,2.92793125,31786,25630,25618,4.7547008,10.01171875
12500,512,daphne_fifo,0,2.868654375,2.7465744969756822,10.764103197136157,1.4778275,32404,28916,28906,2.774976,11.2953125
12500,512,daphne_fifo,1,2.794794375,2.8125783011776497,10.739789526434478,1.423915625,31928,28499,28492,2.735232,11.132421875
12500,512,daphne_fifo,2,2.831189375,2.773104006979498,10.69358758646476,1.452565,32094,28662,28651,2.750496,11.19609375
12500,512,daphne_fifo,3,2.836228125,2.887896271480861,10.906383770705379,1.454378125,32238,28722,28719,2.757024,11.21953125
12500,512,daphne_fifo,4,2.782178125,2.799974831686906,10.68394890832442,1.41653,31786,28390,28384,2.724864,11.08984375
15000,1024,daphne_fifo,0,5.622406875,5.671657309211894,23.333853191931794,4.203836875,38472,29495,29485,5.472416,11.521484375
15000,1024,daphne_fifo,1,5.701136875,5.637541969235574,23.177429010176727,4.2815675,38421,29516,29505,5.476128,11.5296875
15000,1024,daphne_fifo,2,5.67157,5.567407253238982,23.052708257453563,4.24905125,38438,29577,29569,5.4880064,11.553515625
15000,1024,daphne_fifo,3,5.674378125,5.718292302898099,23.39773553547315,4.255413125,38508,29498,29493,5.4739008,11.52265625
15000,1024,daphne_fifo,4,5.707748125,5.5897542907819915,23.344984088893526,4.294135625,38338,29388,29379,5.4527424,11.4796875
15000,512,daphne_fifo,0,3.471455625,3.4258681638594304,12.915886878768974,1.859585,38472,33503,33501,3.216096,13.087109375
15000,512,daphne_fifo,1,3.489109375,3.43301840139507,12.571250097602874,1.873223125,38421,33591,33582,3.223872,13.121484375
15000,512,daphne_fifo,2,3.4812975,3.285810916280764,12.656745928508247,1.866196875,38438,33573,33568,3.222528,13.114453125
15000,512,daphne_fifo,3,3.485913125,3.4408434610989924,12.799937675288252,1.870465625,38508,33579,33572,3.222912,13.116796875
15000,512,daphne_fifo,4,3.464580625,3.458709374510929,12.937555428034848,1.85898,38338,33378,33369,3.203424,13.03828125
17500,1024,daphne_fifo,0,7.48643125,7.527526194281655,27.277570591369205,5.9107625,45048,32760,32747,6.0778432,12.796875
17500,1024,daphne_fifo,1,7.226359375,7.144473612745542,26.47777677197429,5.663506875,44188,32488,32487,6.0295872,12.690625
17500,1024,daphne_fifo,2,7.50231,7.353368338733103,26.805943470003353,5.926564375,44755,32758,32753,6.0789568,12.79609375
17500,1024,daphne_fifo,3,7.457275,7.432989461019139,26.97132416835632,5.880895625,44881,32776,32766,6.0813696,12.803125
17500,1024,daphne_fifo,4,7.47483625,7.599722588872234,27.101277433499632,5.907360625,44699,32585,32581,6.0470336,12.728515625
17500,512,daphne_fifo,0,4.2227325,4.302077783697389,14.859705203338661,2.377569375,45048,38354,38349,3.681504,14.98203125
17500,512,daphne_fifo,1,4.063609375,4.044084366796415,14.655562596179958,2.249346875,44188,37712,37710,3.62016,14.73125
17500,512,daphne_fifo,2,4.146249375,4.057647190258072,14.726846162439951,2.310054375,44755,38164,38161,3.663456,14.9078125
17500,512,daphne_fifo,3,4.16220875,4.017290167331388,14.859294578997794,2.32406875,44881,38212,38203,3.667488,14.9265625
17500,512,daphne_fifo,4,4.140024375,4.203673460256382,14.998098391462896,2.312378125,44699,37995,37986,3.646656,14.841796875
20000,1024,daphne_fifo,0,9.564876875,9.538095887475405,30.950108121797744,7.85985625,51331,35444,35440,6.577664,13.8453125
20000,1024,daphne_fifo,1,9.45107875,9.531197831765422,30.45741108077852,7.74785,50917,35409,35399,6.5700544,13.831640625
20000,1024,daphne_fifo,2,9.665671875,9.77317496538139,30.727673434361165,7.95713625,51273,35518,35511,6.5908416,13.87421875
20000,1024,daphne_fifo,3,9.606015625,9.464411008029938,30.810010134871757,7.89818875,51308,35500,35498,6.5884288,13.8671875
20000,1024,daphne_fifo,4,9.709861875,9.673582403868654,30.832228375321737,8.003526875,51284,35472,35469,6.5830464,13.85625
20000,512,daphne_fifo,0,4.898984375,5.127505795717987,17.024799828563637,2.850291875,51331,42592,42579,4.087584,16.6375
20000,512,daphne_fifo,1,4.873953125,4.682129740558163,16.42084176208339,2.827066875,50917,42556,42540,4.08384,16.6234375
20000,512,daphne_fifo,2,4.9219725,5.026037095547364,16.626684609833635,2.865619375,51273,42748,42736,4.102656,16.6984375
20000,512,daphne_fifo,3,4.9180325,4.8238091525688,16.763467685351213,2.863965,51308,42707,42694,4.098624,16.682421875
20000,512,daphne_fifo,4,4.9385225,4.831916387177287,16.76936276421496,2.885335625,51284,42684,42678,4.097088,16.6734375
22500,1024,daphne_fifo,0,12.128056875,12.139160037516934,34.54858095668184,10.315570625,57574,37683,37666,6.9908096,14.719921875
22500,1024,daphne_fifo,1,12.33229375,12.427537474702431,35.18848832024148,10.514473125,58306,37789,37775,7.01104,14.761328125
22500,1024,daphne_fifo,2,12.119835625,12.071698573344714,34.52889020502726,10.312476875,57407,37585,37562,6.9715072,14.681640625
22500,1024,daphne_fifo,3,12.11614125,11.942478568571875,34.6797892503782,10.3092475,57509,37565,37543,6.9679808,14.673828125
22500,1024,daphne_fifo,4,12.0583725,11.91524155808006,34.672326507889565,10.252689375,57481,37551,37522,6.9640832,14.668359375
22500,512,daphne_fifo,0,5.716568125,5.646646055511169,18.767151839371937,3.46708,57574,46769,46750,4.488,18.269140625
22500,512,daphne_fifo,1,5.762231875,5.790141666380818,19.160978286968753,3.495213125,58306,47134,47117,4.523232,18.41171875
22500,512,daphne_fifo,2,5.684986875,5.689201665302141,18.60748689184246,3.437699375,57407,46725,46707,4.483872,18.251953125
22500,512,daphne_fifo,3,5.7095375,5.788659166391348,18.82835730059643,3.46454875,57509,46681,46664,4.479744,18.234765625
22500,512,daphne_fifo,4,5.70303375,5.680137784659279,18.820131869661278,3.458890625,57481,46663,46638,4.477248,18.227734375
25000,1024,daphne_fifo,0,15.048059375,14.893918185678562,38.280672506802134,13.16073375,63583,39243,39224,7.2799744,15.329296875
25000,1024,daphne_fifo,1,15.170345625,15.073971661120744,38.54806205183484,13.27804875,64011,39336,39325,7.29872,15.365625
25000,1024,daphne_fifo,2,15.174794375,14.979034011492468,38.737381580990835,13.27730375,64390,39447,39435,7.319136,15.408984375
25000,1024,daphne_fifo,3,15.18543,14.953024303129125,38.66915133162512,13.285708125,64395,39494,39472,7.3260032,15.42734375
25000,1024,daphne_fifo,4,14.8679975,15.027724695341625,38.441778139782585,12.977735625,63842,39300,39275,7.28944,15.3515625
25000,512,daphne_fifo,0,6.526794375,6.781686928896089,20.54794520547945,4.09736875,63583,50518,50494,4.847424,19.73359375
25000,512,daphne_fifo,1,6.59147375,6.545749949227477,20.662073706081767,4.149006875,64011,50785,50760,4.87296,19.837890625
25000,512,daphne_fifo,2,6.570239375,6.575555210436403,20.910079204845474,4.121000625,64390,50926,50909,4.887264,19.89296875
25000,512,daphne_fifo,3,6.608083125,6.534668840748505,20.81372777389549,4.155680625,64395,50992,50971,4.893216,19.91875
25000,512,daphne_fifo,4,6.50632125,6.376679928573666,20.57266376366655,4.067685,63842,50708,50678,4.865088,19.8078125
27500,1024,daphne_fifo,0,18.290526875,18.230005936731406,42.53950753399486,16.334890625,70746,40651,40633,7.5414848,15.879296875
27500,1024,daphne_fifo,1,18.3070025,17.8731263763586,42.185124671449884,16.349769375,70385,40693,40676,7.5494656,15.895703125
27500,1024,daphne_fifo,2,18.24304,18.03264798915499,42.52993673746046,16.285846875,70816,40698,40671,7.5485376,15.89765625
27500,1024,daphne_fifo,3,17.88227125,17.978682419416977,42.16857155087539,15.93235,70083,40530,40518,7.5201408,15.83203125
27500,1024,daphne_fifo,4,17.81125375,17.75186033199771,41.99055523755008,15.861090625,69880,40537,40522,7.5208832,15.834765625
27500,512,daphne_fifo,0,7.5536775,7.4774545557345995,22.732027252424164,4.92464375,70746,54664,54643,5.245728,21.353125
27500,512,daphne_fifo,1,7.47075375,7.578319244157136,22.648291539390495,4.852419375,70385,54444,54418,5.224128,21.2671875
27500,512,daphne_fifo,2,7.56616,7.54631721644826,22.790047446904655,4.936434375,70816,54677,54654,5.246784,21.358203125
27500,512,daphne_fifo,3,7.42035125,7.533924061469971,22.614614100423783,4.812130625,70083,54234,54211,5.204256,21.18515625
27500,512,daphne_fifo,4,7.410445,7.258156840297653,22.511448196908987,4.806319375,69880,54149,54125,5.196,21.151953125
30000,1024,daphne_fifo,0,21.3001475,21.08835561114151,46.06946507204461,19.309025625,76758,41396,41376,7.6793856,16.1703125
30000,1024,daphne_fifo,1,21.19855625,21.03448275862069,46.111906310995444,19.20650125,76850,41413,41401,7.6840256,16.176953125
30000,1024,daphne_fifo,2,21.498343125,21.410013250539116,46.12486684507262,19.5036675,76978,41472,41449,7.6929344,16.2
30000,1024,daphne_fifo,3,21.168718125,21.080883409301656,45.92317839278018,19.17811125,76567,41405,41371,7.6784576,16.173828125
30000,1024,daphne_fifo,4,21.3737675,21.28834117326906,46.2750586375358,19.37920125,77169,41459,41442,7.6916352,16.194921875
30000,512,daphne_fifo,0,8.46930125,8.327470752234294,24.530342114177024,5.683146875,76758,57929,57904,5.558784,22.628515625
30000,512,daphne_fifo,1,8.422068125,8.503578399479505,24.713077423552374,5.639308125,76850,57858,57833,5.551968,22.60078125
30000,512,daphne_fifo,2,8.540039375,8.559588453843956,24.482319623788616,5.7445375,76978,58132,58093,5.576928,22.7078125
30000,512,daphne_fifo,3,8.501160625,8.36522261548709,24.51839565347996,5.722264375,76567,57794,57745,5.54352,22.57578125
30000,512,daphne_fifo,4,8.539284375,8.399746011999637,24.81955189259936,5.748893125,77169,58016,57991,5.567136,22.6625
35000,1024,daphne_fifo,0,27.5645525,27.69607570275536,52.91956582243251,25.52999,89825,42290,42273,7.8458688,16.51953125
35000,1024,daphne_fifo,1,27.21472625,27.17112948153473,52.522688471560784,25.18204625,89032,42270,42234,7.8386304,16.51171875
35000,1024,daphne_fifo,2,27.565124375,27.30192479856759,52.6857654431513,25.53164,89360,42280,42252,7.8419712,16.515625
35000,1024,daphne_fifo,3,27.589155,27.557304519887058,52.95915871851308,25.5537175,89958,42317,42288,7.8486528,16.530078125
35000,1024,daphne_fifo,4,27.622108125,27.60312475552923,52.762100604611135,25.58865875,89479,42268,42254,7.8423424,16.5109375
35000,512,daphne_fifo,0,10.67333375,10.56053437239076,28.672418591706094,7.59189875,89825,64070,64048,6.148608,25.02734375
35000,512,daphne_fifo,1,10.631056875,10.453544792883458,28.402147542456646,7.565561875,89032,63745,63702,6.115392,24.900390625
35000,512,daphne_fifo,2,10.6757525,10.62667860340197,28.563115487914054,7.605686875,89360,63836,63806,6.125376,24.9359375
35000,512,daphne_fifo,3,10.76024875,10.59383267747171,28.772315969674736,7.67909,89958,64075,64033,6.147168,25.029296875
35000,512,daphne_fifo,4,10.742541875,10.718716123336202,28.338492830720057,7.658728125,89479,64122,64087,6.152352,25.04765625
40000,1024,daphne_fifo,0,32.974356875,32.83872537095597,58.565799075650695,30.92571,102775,42584,42563,7.8996928,16.634375
40000,1024,daphne_fifo,1,33.100395625,33.07329710356649,58.52373439295662,31.052351875,102678,42587,42553,7.8978368,16.635546875
40000,1024,daphne_fifo,2,32.83998125,32.51892804886432,58.19429850834209,30.792318125,101833,42572,42543,7.8959808,16.6296875
40000,1024,daphne_fifo,3,32.605614375,32.73446658851114,58.4232121922626,30.558664375,102360,42558,42539,7.8952384,16.62421875
40000,1024,daphne_fifo,4,32.926369375,32.5237913224153,58.25762253388609,30.878560625,102033,42591,42546,7.8965376,16.637109375
40000,512,daphne_fifo,0,13.33439625,13.194843103867672,32.64509851617611,10.005301875,102775,69224,69176,6.640896,27.040625
40000,512,daphne_fifo,1,13.35039875,13.35242213521884,32.63892946882487,10.02488125,102678,69165,69104,6.633984,27.017578125
40000,512,daphne_fifo,2,13.171585,13.032121218072726,32.40305205581688,9.8612025,101833,68836,68788,6.603648,26.8890625
40000,512,daphne_fifo,3,13.16053125,13.206330597889801,32.66608050019539,9.845975625,102360,68923,68880,6.61248,26.923046875
40000,512,daphne_fifo,4,13.1718,13.109484186488684,32.50124959571903,9.859708125,102033,68871,68830,6.60768,26.902734375
45000,1024,daphne_fifo,0,36.962296875,37.14452143521618,62.905904139244136,34.910195,115021,42666,42638,7.9136128,16.66640625
45000,1024,daphne_fifo,1,37.345624375,37.173832034872134,63.02375360723787,35.293075,115393,42668,42647,7.9152832,16.6671875
45000,1024,daphne_fifo,2,37.35794,37.083093857219986,62.83417803089677,35.305300625,114834,42679,42648,7.9154688,16.671484375
45000,1024,daphne_fifo,3,37.374099375,37.398542465374916,63.13939833523296,35.32125375,115812,42689,42648,7.9154688,16.675390625
45000,1024,daphne_fifo,4,37.44995625,37.40371368413756,63.0173900234813,35.397365,115411,42682,42643,7.9145408,16.67265625
45000,512,daphne_fifo,0,16.00533,16.023160987993496,36.56462732892255,12.496453125,115021,72964,72913,6.999648,28.5015625
45000,512,daphne_fifo,1,16.132005,16.173424731136205,36.69373358869255,12.61930375,115393,73051,72992,7.007232,28.535546875
45000,512,daphne_fifo,2,16.071955625,15.841127192294964,36.443039517912815,12.56204625,114834,72985,72933,7.001568,28.509765625
45000,512,daphne_fifo,3,16.233164375,16.15203951231306,36.85283044934894,12.715860625,115812,73132,73087,7.016352,28.5671875
45000,512,daphne_fifo,4,16.26340125,16.200362183847293,36.59096619906248,12.743694375,115411,73181,73136,7.021056,28.586328125
50000,1024,daphne_fifo,0,41.037709375,40.81944237830897,66.55835767023434,38.98302875,127721,42712,42687,7.9227072,16.684375
50000,1024,daphne_fifo,1,41.03725125,41.15882008204728,66.61301035358468,38.98253,127975,42727,42690,7.923264,16.690234375
50000,1024,daphne_fifo,2,40.83342375,40.919126282001095,66.55914820324121,38.7790825,127730,42714,42686,7.9225216,16.68515625
50000,1024,daphne_fifo,3,41.093045625,41.00685821935404,66.74580994714267,39.0390325,128459,42718,42679,7.9212224,16.68671875
50000,1024,daphne_fifo,4,40.97810625,40.96476837747051,66.6229200843684,38.923643125,128010,42726,42686,7.9225216,16.68984375
50000,512,daphne_fifo,0,19.215533125,19.209840198557792,40.513306347429165,15.561911875,127721,75977,75916,7.287936,29.678515625
50000,512,daphne_fifo,1,19.309773125,19.184997069740184,40.44930650517679,15.644874375,127975,76210,76157,7.311072,29.76953125
50000,512,daphne_fifo,2,19.10480375,19.121584592499804,40.47600407108745,15.448934375,127730,76030,75961,7.292256,29.69921875
50000,512,daphne_fifo,3,19.40102875,19.29876458636608,40.731283911598254,15.739905625,128459,76136,76073,7.303008,29.740625
50000,512,daphne_fifo,4,19.369388125,19.320365596437778,40.54292633388017,15.70965375,128010,76111,76051,7.300896,29.730859375
60000,1024,daphne_fifo,0,46.627555625,46.52444963958698,72.2384570426651,44.571869375,153990,42750,42713,7.9275328,16.69921875
60000,1024,daphne_fifo,1,46.434523125,46.39875929389226,72.13884960999863,44.37863,153461,42756,42712,7.9273472,16.7015625
60000,1024,daphne_fifo,2,46.380648125,46.48588569460062,72.21272529915308,44.325030625,153851,42751,42713,7.9275328,16.699609375
60000,1024,daphne_fifo,3,46.620451875,46.54264471932729,72.23921301256453,44.564795625,154005,42753,42712,7.9273472,16.700390625
60000,1024,daphne_fifo,4,46.70148,46.64662649976627,72.23744351529632,44.64566125,154024,42761,42713,7.9275328,16.703515625
60000,512,daphne_fifo,0,25.867313125,25.973115137346582,48.22975517890772,22.03410875,153990,79721,79643,7.645728,31.141015625
60000,512,daphne_fifo,1,25.8431925,25.821544235994814,48.15229928125061,22.017786875,153461,79566,79484,7.630464,31.08046875
60000,512,daphne_fifo,2,25.76592875,25.72553964550117,48.22523090522648,21.9357975,153851,79656,79583,7.639968,31.115625
60000,512,daphne_fifo,3,25.85294625,25.99785721242817,48.24648550371741,22.021279375,154005,79703,79609,7.642464,31.133984375
60000,512,daphne_fifo,4,26.13331,25.829740819612528,48.220407209266085,22.2983725,154024,79753,79671,7.648416,31.153515625
75000,1024,daphne_fifo,0,52.21550125,52.036982024943065,77.70655159294756,50.158886875,191877,42776,42726,7.9299456,16.709375
75000,1024,daphne_fifo,1,51.858564375,51.82981613038027,77.65827413288758,49.80215375,191440,42771,42726,7.9299456,16.707421875
75000,1024,daphne_fifo,2,52.035456875,51.95659684055149,77.60172942642086,49.978675,191046,42791,42726,7.9299456,16.715234375
75000,1024,daphne_fifo,3,52.27103625,52.115583611961874,77.75842255513206,50.214481875,192311,42773,42726,7.9299456,16.708203125
75000,1024,daphne_fifo,4,51.94592875,51.955173062060034,77.6580744887515,49.889400625,191492,42783,42726,7.9299456,16.712109375
75000,512,daphne_fifo,0,34.613068125,34.660746207205655,57.56187557654122,30.698559375,191877,81429,81327,7.807392,31.808203125
75000,512,daphne_fifo,1,34.4904125,34.38309653155036,57.48328458002507,30.57681875,191440,81394,81312,7.805952,31.79453125
75000,512,daphne_fifo,2,34.651934375,34.57282539283733,57.38303863990871,30.7374625,191046,81418,81326,7.807296,31.80390625
75000,512,daphne_fifo,3,34.89500625,34.84980058342997,57.646728476270205,30.979214375,192311,81450,81350,7.8096,31.81640625
75000,512,daphne_fifo,4,34.659369375,34.79727612641781,57.4849079857122,30.74540875,191492,81413,81316,7.806336,31.801953125
87000,1024,daphne_fifo,0,55.160270625,55.132667157029836,80.8067670117149,53.10348375,222964,42794,42730,7.930688,16.71640625
87000,1024,daphne_fifo,1,55.056090625,54.97750848757473,80.80440232673911,52.999190625,222973,42801,42730,7.930688,16.719140625
87000,1024,daphne_fifo,2,55.176164375,55.100738690486885,80.7738277107784,53.119348125,222556,42789,42730,7.930688,16.714453125
87000,1024,daphne_fifo,3,55.070716875,55.030664379933015,80.78964145572746,53.01378625,222734,42788,42729,7.9305024,16.7140625
87000,1024,daphne_fifo,4,54.996135625,54.923746982915546,80.77066562389037,52.939326875,222483,42782,42729,7.9305024,16.71171875
87000,512,daphne_fifo,0,40.37944625,40.27062664824815,63.307529466640354,36.447145,222964,81811,81685,7.84176,31.957421875
87000,512,daphne_fifo,1,40.35849875,40.366770864633835,63.30901050799873,36.4265725,222973,81811,81679,7.841184,31.957421875
87000,512,daphne_fifo,2,40.394461875,40.2604288358885,63.25239490285591,36.4630675,222556,81784,81674,7.840704,31.946875
87000,512,daphne_fifo,3,40.20065375,40.32029236667954,63.281313135848144,36.26908875,222734,81785,81675,7.8408,31.947265625
87000,512,daphne_fifo,4,40.064419375,40.128459253066524,63.24033746398601,36.133105625,222483,81784,81671,7.840416,31.946875
100000,1024,daphne_fifo,0,57.472419375,57.605410513327136,83.28855810756988,55.4154675,256094,42797,42732,7.9310592,16.717578125
100000,1024,daphne_fifo,1,57.5550475,57.70924075748148,83.25095585271454,55.497825,255531,42799,42732,7.9310592,16.718359375
100000,1024,daphne_fifo,2,57.68642625,57.657749084692306,83.29456123779265,55.629389375,256198,42799,42732,7.9310592,16.718359375
100000,1024,daphne_fifo,3,57.610475625,57.53021569538052,83.29697433275706,55.5534675,256241,42800,42734,7.9314304,16.71875
100000,1024,daphne_fifo,4,57.732743125,57.56686274280502,83.3120885032335,55.67559625,256533,42810,42732,7.9310592,16.72265625
100000,512,daphne_fifo,0,44.865636875,44.92139604988793,67.99964075690957,40.9275225,256094,81951,81816,7.854336,32.012109375
100000,512,daphne_fifo,1,44.853049375,44.85326633559138,67.93226653517577,40.914506875,255531,81943,81813,7.854048,32.008984375
100000,512,daphne_fifo,2,45.09627,44.93594797773597,68.01263085582245,41.157565,256198,81951,81821,7.854816,32.012109375
100000,512,daphne_fifo,3,45.025354375,44.88703993506113,68.01019352874833,41.0866275,256241,81971,81817,7.854432,32.019921875
100000,512,daphne_fifo,4,45.064435625,45.01253250069192,68.05752086476204,41.126265625,256533,81943,81815,7.85424,32.008984375
125000,1024,daphne_fifo,0,60.884635625,60.99879276407116,86.64584938561985,58.827340625,320567,42809,42734,7.9314304,16.722265625
125000,1024,daphne_fifo,1,60.859430625,60.81509802326527,86.60494715566708,58.802158125,319618,42813,42734,7.9314304,16.723828125
125000,1024,daphne_fifo,2,60.86836,60.761370817872944,86.60561767521602,58.811240625,319634,42813,42734,7.9314304,16.723828125
125000,1024,daphne_fifo,3,60.800878125,60.62033274721019,86.6285842783658,58.74372125,320183,42813,42734,7.9314304,16.723828125
125000,1024,daphne_fifo,4,60.84602125,60.970337606517234,86.63068196016692,58.789010625,320136,42800,42734,7.9314304,16.71875
125000,512,daphne_fifo,0,51.374546875,51.25574372908004,74.39568015422672,47.43147,320567,82079,81904,7.862784,32.062109375
125000,512,daphne_fifo,1,51.397681875,51.326583609183466,74.32122095751804,47.4547725,319618,82074,81904,7.862784,32.06015625
125000,512,daphne_fifo,2,51.1975375,51.055269464449964,74.32469637147487,47.25475375,319634,82067,81903,7.862688,32.057421875
125000,512,daphne_fifo,3,51.248998125,51.145126380850954,74.37434217306978,47.306116875,320183,82049,81902,7.862592,32.050390625
125000,512,daphne_fifo,4,51.328499375,51.37504060774171,74.36776869830322,47.385855625,320136,82058,81904,7.862784,32.05390625
150000,1024,daphne_fifo,0,63.0858625,63.135531402728134,88.83996957160572,61.02844375,383852,42838,42734,7.9314304,16.73359375
150000,1024,daphne_fifo,1,63.03816875,62.947728548856766,88.8139355714864,60.98080625,382905,42832,42734,7.9314304,16.73125
150000,1024,daphne_fifo,2,63.029525,63.15051490711938,88.87847361068556,60.972265,385118,42831,42734,7.9314304,16.730859375
150000,1024,daphne_fifo,3,63.12597625,63.05023378179497,88.84854325940012,61.068695,383905,42811,42734,7.9314304,16.723046875
150000,1024,daphne_fifo,4,62.995521875,63.05916080271045,88.83659108678656,60.938038125,383700,42834,42734,7.9314304,16.73203125
150000,512,daphne_fifo,0,55.518805,55.31480883257089,78.594354073966,51.57365,383852,82166,81936,7.865856,32.09609375
150000,512,daphne_fifo,1,55.461759375,55.314503597498074,78.54663689426881,51.5169725,382905,82146,81936,7.865856,32.08828125
150000,512,daphne_fifo,2,55.512331875,55.46014468292835,78.67484770901386,51.567511875,385118,82127,81937,7.865952,32.080859375
150000,512,daphne_fifo,3,55.54719125,55.52727888409893,78.60694703116657,51.60256625,383905,82129,81935,7.86576,32.081640625
150000,512,daphne_fifo,4,55.40968875,55.43210841803492,78.591086786552,51.46485375,383700,82146,81937,7.865952,32.08828125
200000,1024,daphne_fifo,0,65.837749375,65.69186987115764,91.64025495585054,63.77998,513030,42888,42734,7.9314304,16.753125
200000,1024,daphne_fifo,1,65.76888125,65.76701101874517,91.61902825459636,63.711064375,511492,42868,42734,7.9314304,16.7453125
200000,1024,daphne_fifo,2,65.764688125,65.80955712641274,91.62036503211962,63.707025,511681,42877,42734,7.9314304,16.748828125
200000,1024,daphne_fifo,3,65.79032,65.84978013412697,91.62145953432584,63.732329375,511903,42890,42734,7.9314304,16.75390625
200000,1024,daphne_fifo,4,65.71408,65.73650664390695,91.60565652136464,63.65613625,510844,42882,42734,7.9314304,16.75078125
200000,512,daphne_fifo,0,60.731201875,60.79800401535972,83.96994327817087,56.784635625,513030,82239,81958,7.867968,32.124609375
200000,512,daphne_fifo,1,60.771421875,60.61971643740274,83.92428425078008,56.825013125,511492,82226,81959,7.868064,32.11953125
200000,512,daphne_fifo,2,60.608793125,60.63738931091832,83.92983128159928,56.662421875,511681,82228,81958,7.867968,32.1203125
200000,512,daphne_fifo,3,60.634035625,60.596636472144134,83.93250283745162,56.6876625,511903,82250,81958,7.867968,32.12890625
200000,512,daphne_fifo,4,60.6488175,60.565260627510554,83.90408813649569,56.702286875,510844,82225,81959,7.868064,32.119140625
